{"cameraMode":{"drawMode":0,"name":"Shaded","section":"Shading Mode"},"sceneLighting":false,"audioPlay":false,"sceneViewState":{"showFog":true,"showMaterialUpdate":false,"showSkybox":true,"showFlares":true,"showImageEffects":true,"showParticleSystems":true},"in2DMode":false,"pivot":{"x":-1.1920928955078126e-7,"y":2.520042657852173,"z":4.353615760803223},"rotation":{"x":-0.1008196473121643,"y":0.7188913226127625,"z":-0.10667240619659424,"w":-0.6794495582580566},"size":11.829036712646485,"orthographic":false}