{"cameraMode":{"drawMode":0,"name":"Shaded","section":"Shading Mode"},"sceneLighting":false,"audioPlay":false,"sceneViewState":{"showFog":true,"showMaterialUpdate":false,"showSkybox":true,"showFlares":true,"showImageEffects":true,"showParticleSystems":true},"in2DMode":false,"pivot":{"x":8.0,"y":0.26842451095581057,"z":4.978138446807861},"rotation":{"x":-0.16132913529872895,"y":0.380327045917511,"z":-0.06756292283535004,"w":-0.9081627726554871},"size":1.5288478136062623,"orthographic":false}