{"cameraMode":{"drawMode":0,"name":"Shaded","section":"Shading Mode"},"sceneLighting":false,"audioPlay":false,"sceneViewState":{"showFog":true,"showMaterialUpdate":false,"showSkybox":true,"showFlares":true,"showImageEffects":true,"showParticleSystems":true},"in2DMode":false,"pivot":{"x":0.0,"y":2.3593533039093019,"z":-2.779399871826172},"rotation":{"x":0.09784001111984253,"y":-0.3276473879814148,"z":0.03413587063550949,"w":0.9391002655029297},"size":39.22026062011719,"orthographic":false}