{"cameraMode":{"drawMode":0,"name":"Shaded","section":"Shading Mode"},"sceneLighting":true,"audioPlay":false,"sceneViewState":{"showFog":true,"showMaterialUpdate":false,"showSkybox":true,"showFlares":true,"showImageEffects":true,"showParticleSystems":true},"in2DMode":false,"pivot":{"x":3.0182034969329836,"y":1.3050694465637208,"z":3.0891740322113039},"rotation":{"x":0.15552939474582673,"y":-0.04265103489160538,"z":0.006721575744450092,"w":0.9868872165679932},"size":1142.3607177734375,"orthographic":false}