{"cameraMode":{"drawMode":0,"name":"Shaded","section":"Shading Mode"},"sceneLighting":false,"audioPlay":false,"sceneViewState":{"showFog":true,"showMaterialUpdate":false,"showSkybox":true,"showFlares":true,"showImageEffects":true,"showParticleSystems":true},"in2DMode":false,"pivot":{"x":15.103675842285157,"y":0.8957692384719849,"z":0.021953105926513673},"rotation":{"x":-0.14380237460136414,"y":0.009496894665062428,"z":-0.0013799965381622315,"w":-0.9895599484443665},"size":6.724681377410889,"orthographic":false}