{"cameraMode":{"drawMode":0,"name":"Shaded","section":"Shading Mode"},"sceneLighting":false,"audioPlay":false,"sceneViewState":{"showFog":true,"showMaterialUpdate":false,"showSkybox":true,"showFlares":true,"showImageEffects":true,"showParticleSystems":true},"in2DMode":false,"pivot":{"x":3.602907419204712,"y":-0.43830806016921999,"z":-6.288786888122559},"rotation":{"x":-0.10827606916427612,"y":0.8698820471763611,"z":-0.220088928937912,"w":-0.4279513955116272},"size":6.542477607727051,"orthographic":false}