{"cameraMode":{"drawMode":0,"name":"Shaded","section":"Shading Mode"},"sceneLighting":false,"audioPlay":false,"sceneViewState":{"showFog":true,"showMaterialUpdate":false,"showSkybox":true,"showFlares":true,"showImageEffects":true,"showParticleSystems":true},"in2DMode":false,"pivot":{"x":6.332904815673828,"y":-0.5520597100257874,"z":-4.880167007446289},"rotation":{"x":-0.10827606916427612,"y":0.8698820471763611,"z":-0.220088928937912,"w":-0.4279513955116272},"size":2.6094017028808595,"orthographic":false}